Time,Country Name,Country Code,Domestic credit provided by financial sector (% of GDP) [FS.AST.DOMS.GD.ZS],Exports of goods and services (% of GDP) [NE.EXP.GNFS.ZS],"External debt stocks, total (DOD, current US$) [DT.DOD.DECT.CD]","Foreign direct investment, net inflows (BoP, current US$) [BX.KLT.DINV.CD.WD]",GDP (current US$) [NY.GDP.MKTP.CD],GDP growth (annual %) [NY.GDP.MKTP.KD.ZG],Gross capital formation (% of GDP) [NE.GDI.TOTL.ZS],High-technology exports (% of manufactured exports) [TX.VAL.TECH.MF.ZS],"Immunization, measles (% of children ages 12-23 months) [SH.IMM.MEAS]",Imports of goods and services (% of GDP) [NE.IMP.GNFS.ZS],Income share held by lowest 20% [SI.DST.FRST.20],"Life expectancy at birth, total (years) [SP.DYN.LE00.IN]","Mortality rate, under-5 (per 1,000 live births) [SH.DYN.MORT]",Net official development assistance and official aid received (current US$) [DT.ODA.ALLD.CD],Population growth (annual %) [SP.POP.GROW],Poverty headcount ratio at $1.90 a day (2011 PPP) (% of population) [SI.POV.DDAY],Poverty headcount ratio at national poverty lines (% of population) [SI.POV.NAHC],"Prevalence of HIV, total (% of population ages 15-49) [SH.DYN.AIDS.ZS]",Tax revenue (% of GDP) [GC.TAX.TOTL.GD.ZS],Time required to start a business (days) [IC.REG.DURS],"Total debt service (% of exports of goods, services and primary income) [DT.TDS.DECT.EX.ZS]",Urban population growth (annual %) [SP.URB.GROW]
2011,Tanzania,TZA,..,21.63428233,10020297256,1229361018,34657139495,7.672155435,34.7360333,5.902994821,93,34.53184186,7.4,59.525,68.4,2441830078,2.94803624,49.6,28.2,5.1,9.793982,31,1.882550718,5.35186422
2011,Niger,NER,..,15.28955544,2220104270,1067186136,8772951262,2.357756936,31.61312883,5.821426333,69,34.95683972,8.9,58.081,114.8,644669982.9,3.876360997,50.6,..,0.4,..,18,2.287032658,3.845563386
2011,Mozambique,MOZ,..,30.09825026,6491930901,3663937118,14381552433,7.417384316,28.82836123,..,83,50.13209954,..,53.043,100.4,2065469971,2.749233949,..,..,12,17.07722631,21,18.3190355,4.326428546
2011,Angola,AGO,..,60.66994844,33961146295,-3023770966,1.1179E+11,3.471976345,26.42435369,..,57,39.31255941,..,56.33,112.3,192940002.4,3.634158626,..,..,1.7,16.10341268,66,5.79379615,4.872630318
2011,Uganda,UGA,13.58553561,12.91116316,3262582094,894293858,27752712167,9.391655493,26.09035976,22.55284519,75,27.01550343,..,58.087,72.5,1572920044,3.182881931,..,..,6.8,..,26,1.4743527,5.805153669
2011,Burkina Faso,BFA,..,26.19550052,2293951844,143845512.3,12080296644,6.622562613,22.1235118,7.313790573,89,31.30175258,..,57.761,116.9,981979980.5,3.008981855,..,..,1.1,12.21949136,13,2.328612338,5.268801692
2011,Kenya,KEN,..,21.62597244,10155961501,1450460112,41953433591,6.10826372,21.70275889,..,87,38.82270088,..,61.851,56,2478820068,2.693732572,..,..,5.6,..,35,4.314674989,4.368143467
2011,Mali,MLI,..,22.72617792,2927638098,556147161.6,12995074801,3.21313378,19.72344879,4.391430312,72,31.18737987,..,55.701,125.5,1267619995,3.044593573,..,45.4,1.4,12.54521403,8,2.391369127,5.242531008
2011,Cameroon,CMR,..,25.93207364,3094521348,653266626.6,29375448542,4.129277161,24.14364257,..,76,31.00422527,..,55.581,105.9,612080017.1,2.740435666,..,..,4.2,..,16.5,4.318053427,3.907019642
2011,Ghana,GHA,..,36.93660855,10412993046,3247588000,39337314810,14.04712363,12.80999297,1.700740354,91,49.3588453,..,61.381,65.9,1803869995,2.424369788,..,..,1.9,14.86579036,11,2.404892291,3.758288335
2011,Nigeria,NGA,..,31.61694021,21003387146,8841062051,4.04994E+11,5.307924204,16.3605621,1.275536163,49,21.66101812,..,51.346,133.6,1809859985,2.677883827,..,..,1.3,..,..,0.508211746,4.695118992
2011,"Congo, Dem. Rep.",COD,..,39.51561667,5473720855,1596024304,25839749199,6.87467089,24.89210592,..,74,45.68252753,..,57.427,110.9,5526459961,3.337677422,..,..,1.1,..,65.5,2.460508994,4.656016463
2011,India,IND,..,24.54040489,3.34399E+11,36498654598,1.82305E+12,5.241344743,39.59041148,7.891523386,84,31.08346055,8.1,67.13,55.1,3270219971,1.28857558,22.5,21.9,..,10.17738453,..,6.413868913,2.401019936
2011,Cote d'Ivoire,CIV,..,53.8199572,12791036140,301972462.5,25414875503,-4.387254789,4.70372346,16.79995157,49,37.33487399,..,53.62,103.2,1437709961,2.385511855,..,..,3.6,10.93161991,32,5.267436169,3.271080304
2011,Chad,TCD,..,38.87725693,2331368590,281900000,12172309523,0.082869798,28.47213272,..,54,41.80381796,4.9,51.424,144.5,457660003.7,3.363545784,38.1,..,1.5,..,53,..,3.67692627
2011,Guinea,GIN,..,32.60224123,3424266325,956060000,6785137173,5.612104279,24.0533327,..,62,53.35243189,..,57.387,115.7,202119995.1,2.215186971,..,..,1.6,..,40,13.11632882,3.066704769
2011,Zambia,ZMB,21.08507317,40.47122267,4968061660,1108500000,23459515276,5.564602337,33.64431501,1.735641026,83,35.74350559,..,57.126,77.2,1033469971,3.020290578,..,..,12.5,14.71594332,19,2.334389022,4.272743779
2011,Benin,BEN,..,20.8496515,1866403076,161302390.8,10693321954,2.963752919,16.46255728,..,70,26.36737731,6.1,59.59,108.6,672609985.4,2.803717973,53.2,36.2,1.1,..,32.5,2.840353751,3.991720953
2011,Sierra Leone,SLE,..,16.26669339,1050427526,950477689,2942546781,6.315045036,42.03715869,..,84,64.45025366,7.9,50.234,153.2,423890014.6,2.274655942,54.7,..,1.6,..,12,3.408415493,3.278427147
2011,Malawi,MWI,..,20.77716728,1213551485,812751769.8,8004000737,4.854055109,12.42477403,15.65687989,96,28.0106925,..,57.161,78.6,798280029.3,2.864435231,..,..,10.4,15.45184375,36,1.416161157,3.684536672
2012,Tanzania,TZA,..,22.37207068,11637522702,1799646137,39650530214,4.50015356,34.84443928,11.34277516,97,31.99751733,..,60.47,65.3,2822229980,2.97488817,..,..,5.1,10.43300402,29,1.821886849,5.359586318
2012,Niger,NER,..,16.10057707,1800178232,841227436.9,9426913349,10.54894458,29.31424369,13.19646582,75,28.9853874,..,58.79,108.5,891140014.6,3.898694473,..,..,0.3,..,18,2.476416475,3.87399895
2012,Mozambique,MOZ,..,28.8839773,7468417446,5635092659,16350804543,7.258439253,49.52865131,24.74088768,85,72.98766713,..,53.931,96.3,2071699951,2.753116358,..,..,12.2,19.01307026,21,9.984307475,4.317990445
2012,Angola,AGO,..,55.94013141,44255661239,-1464627991,1.28053E+11,8.542187643,26.66757886,..,65,35.8599672,..,57.236,105,243610000.6,3.597774308,..,..,1.7,14.82271932,66,8.371975068,4.812932712
2012,Uganda,UGA,14.5929471,15.55853553,3776142288,1205388488,27188666947,3.837455606,25.53921008,21.88364964,80,28.13120087,6.4,59.017,67.6,1642500000,3.181665327,35.7,19.7,6.7,..,29,1.357913467,5.790809357
2012,Burkina Faso,BFA,..,26.59808542,2524056091,329281976,12561016091,6.45267238,24.6529929,8.636258332,87,34.64052256,..,58.374,112.5,1152319946,2.997392478,..,..,1.1,13.88996243,13,2.11546207,5.238335952
2012,Kenya,KEN,..,22.22735357,11873346635,1380167160,50412754861,4.563209131,21.47559789,..,93,35.53772274,..,62.659,54.6,2653659912,2.66270486,..,..,5.5,..,34,4.803016806,4.346483714
2012,Mali,MLI,..,27.85634001,3064993824,397865237.2,12441946098,-0.836734632,17.18306267,2.256469332,67,31.26425454,..,56.135,121.1,995580017.1,2.952565219,..,..,1.4,12.99131346,8,1.758673598,5.103252397
2012,Cameroon,CMR,..,26.11820061,3887910777,527363935.6,29102772799,4.543265016,22.77170184,..,82,30.26891355,..,56.073,101.7,597169982.9,2.731263968,..,..,4.1,11.75459417,16.5,3.126775473,3.884395526
2012,Ghana,GHA,..,40.35921817,11993964243,3294520000,41270954737,9.292789405,16.96772212,7.784491747,88,52.80881695,5.4,61.72,62.8,1799290039,2.369475311,11.6,24.2,1.9,15.36818101,11,2.989209897,3.681988281
2012,Nigeria,NGA,..,31.54658773,21466867764,7069908428,4.55502E+11,4.230061175,14.95882591,1.978077378,42,12.98578032,..,51.786,131.7,1916170044,2.680913555,..,..,1.3,..,..,1.344197623,4.644999201
2012,"Congo, Dem. Rep.",COD,..,30.80300902,5615753344,2891607809,29306235826,7.086898947,14.32823128,..,72,37.54870238,5.5,57.914,107.3,2846169922,3.337564776,77.2,63.9,1,..,58.5,3.08370369,4.655791161
2012,India,IND,..,24.53443066,3.92576E+11,23995685014,1.82764E+12,5.456358951,38.34742441,7.729531408,83,31.25929107,..,67.545,52,1681849976,1.231622928,..,..,..,10.83677172,..,6.713104064,2.369769079
2012,Cote d'Ivoire,CIV,..,48.9288579,9543211324,330255520.7,26789047555,10.7065041,16.08978574,8.970499601,74,44.74561787,..,54.271,100.2,2908350098,2.435928938,..,..,3.4,14.39046854,32,5.409385817,3.313718569
2012,Chad,TCD,..,38.46805422,2346579692,579793037.4,12367363678,8.882576072,31.10026433,..,63,42.10756547,..,51.928,140.7,475130004.9,3.370758938,..,..,1.5,..,60,..,3.768955535
2012,Guinea,GIN,..,33.1373916,1477176174,605560000,7638045254,5.916911732,26.02152624,..,58,53.53693264,7.6,57.905,113.4,633359985.4,2.19781536,36.1,..,1.6,..,43,8.354697317,3.045084732
2012,Zambia,ZMB,21.93314329,40.08291099,5722066853,1731500000,25503060420,7.597593211,31.75492933,3.97659305,82,39.0177935,..,58.502,75.1,957140014.6,3.102770166,..,..,12.4,14.8923643,18.5,2.190903187,4.357067332
2012,Benin,BEN,..,23.89673687,1697688750,281548556.3,11141358945,4.811223316,15.27631274,..,74,26.83999991,..,59.842,106.3,507880004.9,2.797648941,..,..,1.1,..,29.5,2.986843953,3.976239797
2012,Sierra Leone,SLE,..,32.90532706,1334200317,722447242.9,3801862611,15.18176908,27.47662842,..,86,60.3687918,..,51.018,146.3,439750000,2.249914334,..,..,1.6,..,12,1.668086255,3.248785175
2012,Malawi,MWI,..,26.20340149,1331154479,-8885976.219,6028487929,1.885799507,12.04940544,2.1113888,90,41.67819463,..,58.629,71.2,1170910034,2.858692113,..,..,10.3,13.55707479,37,2.055470021,3.748034049
2013,Tanzania,TZA,..,19.012204,13235508739,2087261310,45680532614,6.781585601,37.46995275,6.714585786,99,29.61841135,..,61.398,62.6,3433239990,2.993448581,..,..,5.1,10.72192345,29,2.759723471,5.349101716
2013,Niger,NER,..,16.9790336,1997766156,719338470.5,10224897935,5.315130636,29.71248147,57.68815982,80,29.31611555,..,59.455,103,797299987.8,3.907245338,..,..,0.3,..,18,4.079388268,3.882593518
2013,Mozambique,MOZ,..,26.74393599,13158477861,6697422432,16974320551,6.963607135,53.9879748,13.86739731,86,76.40656844,..,54.949,92.3,2312699951,2.769039684,..,..,12.3,21.8246052,21,10.7249118,4.321806317
2013,Angola,AGO,..,50.74708439,54932638465,-7120017424,1.3671E+11,4.954544646,26.14296935,..,59,36.06484639,..,58.054,98.6,285540008.5,3.551950467,..,..,1.8,14.18476314,66,9.63601615,4.742847942
2013,Uganda,UGA,15.29483145,16.58424673,8559917407,1096000000,28791625559,3.586905826,30.95236768,2.107997372,83,26.7108127,..,59.881,63.3,1697089966,3.234464508,..,..,6.6,..,28,1.780958901,5.8154513
2013,Burkina Faso,BFA,..,27.07698545,2570910412,490403410.5,13444301139,5.792584845,23.70991501,13.99286081,82,36.95886585,..,58.937,108.3,1045079956,2.981606475,..,..,1,14.94864196,13,2.426721598,5.203784496
2013,Kenya,KEN,..,19.92539657,13798577601,1118819097,55096728048,5.878680567,20.10556175,4.068780736,94,33.20761039,..,63.419,52.8,3306840088,2.618524437,..,..,5.4,..,34,4.905137592,4.31878314
2013,Mali,MLI,..,24.94054026,3445670961,307853389.3,13242680705,2.29506829,19.3229173,..,62,39.87712061,..,56.578,116.7,1397560059,2.901062154,..,47.1,1.4,13.0329666,11,3.115499375,5.003854872
2013,Cameroon,CMR,..,25.56776428,5177990626,547404749.8,32357345501,5.40426571,23.05069431,3.325611149,83,30.03771287,..,56.576,97.2,751960022,2.718244285,..,..,4,12.01041469,16.5,3.34544912,3.856352507
2013,Ghana,GHA,..,25.82937988,16114986301,3227000000,62405374786,7.312525007,26.49231238,5.118657488,89,35.85783749,..,62.064,59.8,1328170044,2.323851599,..,..,1.8,10.74326135,14,4.299804568,3.611778423
2013,Nigeria,NGA,..,18.04990659,24482376279,5562857987,5.08693E+11,6.671335393,14.90390593,3.059587189,43,12.99895337,..,52.228,129.9,2515719971,2.676900328,..,..,1.3,..,30.3,0.49417488,4.585805868
2013,"Congo, Dem. Rep.",COD,..,36.44586131,6132474132,1697585831,32679745298,8.481956636,21.84242344,..,71,41.02008384,..,58.381,103.8,2584010010,3.331362952,..,..,1,..,31.5,3.326545694,4.649257912
2013,India,IND,..,25.4308613,4.27245E+11,28153031270,1.85672E+12,6.386106401,34.02320189,8.883288734,83,28.41327065,..,67.931,49.1,2456340088,1.18301607,..,..,..,11.00162569,32.7,8.074193503,2.342731786
2013,Cote d'Ivoire,CIV,..,41.53105069,9855282187,407592122.1,31273074528,8.889421302,20.71073361,4.397067999,69,38.59577894,..,54.906,96.9,1273459961,2.476674322,..,..,3.2,14.54269745,8,7.984152875,3.346830191
2013,Chad,TCD,..,33.56559167,2910547099,520200751.3,12953535496,5.700001363,29.25254692,..,57,39.08332409,..,52.386,136.8,459339996.3,3.350985214,..,..,1.4,..,60,..,3.828585679
2013,Guinea,GIN,..,26.47062065,1765320892,190000,8376613843,3.934784025,23.49396044,2.496890652,54,53.95582379,..,58.447,111.2,467540008.5,2.235254811,..,..,1.6,..,23,4.549262263,3.078264587
2013,Zambia,ZMB,26.26890774,40.48271669,6293176917,2099800000,28045553105,5.05723174,34.03849839,2.248590388,80,39.97330355,..,59.746,72.5,1145250000,3.139812131,..,..,12.4,14.34710932,8.5,2.750319048,4.398156063
2013,Benin,BEN,..,27.57056532,2024309007,360343380.3,12517845732,7.191433721,18.86187235,1.275855655,68,31.62962651,..,60.092,104,660200012.2,2.790718131,..,..,1.1,..,18.5,3.181198562,3.955567228
2013,Sierra Leone,SLE,..,28.62675705,1396671368,429664580.1,4920343195,20.71576829,13.7613158,..,85,58.82604394,..,51.731,139.8,449070007.3,2.230392163,..,..,1.6,..,12,1.548061415,3.219393207
2013,Malawi,MWI,..,35.65977381,1566325147,451362406.6,5518880769,5.199999998,12.70245804,11.45701603,88,42.60933274,..,59.931,63.9,1132550049,2.838417615,..,..,10.2,14.1290373,40,3.153214225,3.807674269
2014,Tanzania,TZA,..,18.06920945,14621719528,1416088065,49964788814,6.732461868,37.65396709,3.384020409,97,27.28681266,..,62.288,59.9,2650520020,3.002104081,..,..,5.1,11.36379689,29,3.072782417,5.31971784
2014,Niger,NER,..,15.94586293,2011686062,822967023.3,10862944204,6.642136654,31.11008199,60.29985291,80,29.79573791,7.8,60.07,98.5,917780029.3,3.899889965,45.4,..,0.3,..,16,6.184381023,3.967720963
2014,Mozambique,MOZ,..,31.28403958,13652431758,4998799334,17716084108,7.398512797,52.85512391,5.716550982,87,80.18113507,4.2,56.062,89.3,2106010010,2.798568532,63.7,46.1,12.4,24.32001414,21,15.99729247,4.339389376
2014,Angola,AGO,..,44.69503125,56932310476,3657514667,1.45712E+11,4.822627568,27.50046187,..,56,34.63789626,..,58.776,93,235389999.4,3.497492744,..,..,1.8,13.54263016,66,14.07218107,4.666400019
2014,Uganda,UGA,17.97677096,15.0126738,8651413340,1058564540,32472363452,5.106307324,26.21985965,2.678430137,85,21.15703633,..,60.669,59.4,1633680054,3.352319631,..,..,6.5,..,28,4.183260172,5.924164116
2014,Burkina Faso,BFA,..,26.93200415,2550585686,357296974.3,13943016924,4.326845615,19.26224919,11.0463358,88,31.89155834,8.3,59.45,104.4,1123359985,2.961900814,43.8,..,1,13.66382751,13,2.774511273,5.169208164
2014,Kenya,KEN,..,18.29698138,16911889740,820934459.3,61448046802,5.357125644,22.43165798,..,95,33.00132413,..,64.135,51.3,2661030029,2.55944065,..,..,5.2,16.87697939,32,11.52957601,4.266970593
2014,Mali,MLI,..,22.55548696,3458263550,144023010.6,14364859446,7.084683881,20.16095775,..,61,38.08322053,..,57.036,112.5,1235839966,2.901921705,..,46.9,1.3,12.64664005,11,2.986043971,4.958852729
2014,Cameroon,CMR,..,24.93807419,5765541169,725854540.9,34989493826,5.884059327,24.05670004,7.120381856,78,30.12672029,4.5,57.083,92.9,856119995.1,2.701555717,26,37.5,3.8,12.77587041,16.5,6.054746859,3.825010919
2014,Ghana,GHA,..,28.82108383,17846049247,3363389444,53660342160,2.897438837,29.4592936,10.11930543,92,36.34946525,..,62.416,57.1,1123130005,2.291780693,..,..,1.8,10.94021522,14,5.182410867,3.555845885
2014,Nigeria,NGA,..,18.43512606,28628765478,4693828632,5.46676E+11,6.309718656,15.80270277,2.265712058,44,12.45006765,..,52.672,128.5,2478600098,2.665019173,..,..,1.3,..,30.3,5.272310621,4.521141573
2014,"Congo, Dem. Rep.",COD,..,36.83218885,5481886984,1499572152,35909040266,9.470288097,23.22347434,..,67,41.85796128,..,58.828,100.4,2400020020,3.319676665,..,..,0.9,..,16.5,3.223024732,4.639392805
2014,India,IND,..,22.96796301,4.57507E+11,34576643694,2.03913E+12,7.410227605,34.26779992,9.226508963,85,25.95422274,..,68.286,46.2,2991820068,1.145623988,..,..,..,9.984654191,35,18.62962054,2.329106445
2014,Cote d'Ivoire,CIV,..,39.27465106,9804687584,439356961.2,35363533866,8.79407739,19.7395877,11.48007374,59,34.37059715,..,55.508,93.6,925039978,2.504548687,..,..,3.1,13.97364016,7,7.15812531,3.36719681
2014,Chad,TCD,..,34.16136289,3724335781,-675545915.4,13940768066,6.899985045,33.75971111,..,45,42.46516028,..,52.789,133.1,391929992.7,3.296945541,..,..,1.4,..,60,..,3.852735493
2014,Guinea,GIN,..,26.68851014,1896708971,-73758603.66,8778473615,3.707451613,22.81657671,5.082023907,50,50.08345339,..,59.016,109.8,563119995.1,2.342417883,..,..,1.6,..,15,3.97393896,3.181265921
2014,Zambia,ZMB,25.806475,38.82228993,9192670837,1507800000,27150728124,4.697992363,34.06942707,1.69861411,85,37.37137316,..,60.831,69.8,997729980.5,3.121304561,..,..,12.3,15.76103033,8.5,3.597497318,4.378510881
2014,Benin,BEN,..,31.43084112,2055433484,405737328.6,13284528654,6.357679098,19.25758563,4.135344225,65,33.83743382,..,60.345,101.8,599320007.3,2.782181506,..,..,1.1,..,12.5,2.495040239,3.949131327
2014,Sierra Leone,SLE,..,30.76003938,1428960403,375089628.5,5015157816,4.556772366,13.68912396,0.008480894,80,52.42575588,..,52.372,137.7,914030029.3,2.206884922,..,..,1.6,..,12,2.326563056,3.191148155
2014,Malawi,MWI,..,33.70156796,1666540757,598086538.1,6047813437,5.700000004,11.9855601,4.072816594,85,39.6250439,..,61.042,58,931159973.1,2.80309477,..,..,10,15.934136,38,4.113775788,3.837439528
2015,Tanzania,TZA,..,17.10491135,15412332704,1506024896,47378599025,6.160628774,32.7586922,0.853175014,95,23.65276888,..,63.111,57.9,2584709961,3.00254051,..,..,5.1,10.49249549,29,3.994908311,5.283475102
2015,Niger,NER,..,13.62372715,2228257988,529476871.1,9685577941,4.392648832,32.35987676,15.86162384,85,30.45438908,..,60.631,94,869280029.3,3.881581481,..,..,0.3,..,16,6.194577067,4.054065937
2015,Mozambique,MOZ,..,31.07817138,14381960159,3868353885,15950969019,6.72327878,41.24912976,..,87,62.83053757,..,57.206,85.4,1819119995,2.834860784,..,..,12.4,20.33008851,21,15.11442743,4.363940341
2015,Angola,AGO,27.0509238,29.75459949,56269410212,10028215163,1.16194E+11,0.943571561,34.20248913,15.62811007,51,33.13392129,..,59.398,88.2,380059997.6,3.438850684,..,..,1.8,11.00201914,36,22.69189548,4.572191581
2015,Uganda,UGA,20.24056205,12.93285769,9570701032,737652140.2,32248116584,5.187859863,23.13971625,2.297024304,79,24.91897254,..,61.373,56.1,1638160034,3.496089167,..,..,6.4,10.84835253,27,1.991111013,6.048798778
2015,Burkina Faso,BFA,..,26.10764554,2631937046,231901703.7,11832159276,3.921228794,19.40669972,5.286721738,88,32.98153577,..,59.919,100.7,998390014.6,2.939462977,..,..,0.9,13.2802007,13,3.897227602,5.128152432
2015,Kenya,KEN,..,16.5735082,19776929997,619719962.3,64007750169,5.718507131,21.46595655,4.365945901,96,27.60508527,6.2,64.798,49.6,2463560059,2.491936871,37.1,36.1,5.1,16.2566354,28,8.466290759,4.209778268
2015,Mali,MLI,..,24.04370851,3691881672,275414753,13104802016,6.171800024,20.76089776,..,66,39.59593117,..,57.509,108.6,1201640015,2.935992047,..,47.2,1.3,14.09510939,8.5,3.27846441,4.943967067
2015,Cameroon,CMR,..,22.25966622,7304904667,694336734.9,30928653814,5.651463744,22.39604838,4.881477979,74,27.60954078,..,57.583,88.5,664119995.1,2.68179173,..,..,3.7,12.61280732,16.5,7.357072471,3.790923593
2015,Ghana,GHA,..,31.95879558,20115972026,3192320531,48564863888,2.178206744,30.04926616,7.585437456,89,43.62759842,..,62.772,54.6,1770479980,2.268814549,..,..,1.8,18.26215239,14,5.996884588,3.509700802
2015,Nigeria,NGA,..,10.66630962,32413453872,3064168904,4.86803E+11,2.652693295,15.49010409,12.26259782,42,10.66634225,..,53.112,126.8,2431540039,2.6474192,..,..,1.3,..,30.3,3.204946264,4.452994149
2015,"Congo, Dem. Rep.",COD,..,27.7255678,5327954207,1165720010,37917704900,6.91618781,18.5271202,..,64,31.60686316,..,59.254,97.2,2599040039,3.30283221,..,..,0.9,..,11.5,3.742733147,4.621739834
2015,India,IND,..,19.81318913,4.78826E+11,44009492130,2.10359E+12,7.996253444,32.11673465,8.039628032,87,22.10972468,..,68.607,43.5,3174350098,1.116633091,..,..,..,10.56970904,30,11.20633835,2.322890672
2015,Cote d'Ivoire,CIV,..,27.35560794,11387731267,494408755.8,45814637971,8.84285995,23.48476251,7.236432923,67,25.36017485,5.7,56.065,90.6,651669982.9,2.522094681,29.8,44.4,2.9,11.17582233,7,6.358645335,3.395570976
2015,Chad,TCD,..,30.00176089,2893640684,559642022.5,10950392220,2.767675685,28.45915911,..,46,36.56240346,..,53.137,129.4,606409973.1,3.222050147,..,..,1.4,..,60,..,3.85922088
2015,Guinea,GIN,..,21.49687039,2048365281,53272458.42,8794202444,3.81494989,24.16336504,0.959602475,47,50.94585499,..,59.598,107.9,538929992.7,2.48970209,..,..,1.5,..,15,5.762335935,3.361430457
2015,Zambia,ZMB,29.66736795,37.1385258,11778506163,1582666667,21243339048,2.920375112,42.80487073,6.786930823,90,42.72689101,2.9,61.737,68.5,797140014.6,3.066874538,58.7,54.4,12.2,14.39396393,8.5,6.626470959,4.327561352
2015,Benin,BEN,..,24.72045121,2191225853,149755663.3,11388160958,1.77815106,20.73186635,0.964424885,67,32.03586197,3.2,60.608,99.6,436630004.9,2.771714168,49.6,40.1,1.1,..,12.5,2.759573554,3.936139031
2015,Sierra Leone,SLE,..,19.36254453,1553532071,252435829.4,4218723875,-20.59877072,15.5287737,0.006537046,78,47.44006727,..,52.941,138.3,946820007.3,2.181626694,..,..,1.6,..,10,6.573434664,3.158728998
2015,Malawi,MWI,..,29.15651988,1721202631,287746689.2,6373212641,2.799999999,12.22162442,2.424888902,87,35.75475473,..,61.953,53.8,1049380005,2.7594617,..,..,9.9,15.24219537,38,5.530416165,3.875181908
2016,Tanzania,TZA,..,16.34997466,16380492423,864040000,49774021003,6.867116196,32.1747865,2.319270394,83,19.07049537,..,63.844,55.8,2317889893,3.000522906,..,..,5,11.39033994,29,7.953154733,5.239866763
2016,Niger,NER,..,11.88209542,2521912726,301332480.6,10355006770,5.709274187,28.63225961,2.979382799,76,24.40771692,..,61.137,90.2,952479980.5,3.860078795,..,..,0.3,..,11,8.31345419,4.124407753
2016,Mozambique,MOZ,..,33.54531717,14427812796,3128149929,11936999283,3.824214319,46.60232264,1.672105927,87,72.09315484,..,58.309,81.8,1533770020,2.872120456,..,..,12.5,20.29887017,21,14.05788358,4.389619118
2016,Angola,AGO,27.54314181,28.12448456,56814989137,-179517618.9,1.01124E+11,-2.580049644,27.21470844,16.23305508,45,25.24567072,..,59.925,84.2,206529998.8,3.37827278,..,..,1.9,9.732512234,36,34.88394641,4.480209744
2016,Uganda,UGA,20.80776828,12.48075551,10086191862,625704361.9,29078719934,4.781000291,24.78069204,2.046649447,79,18.86319424,6.1,61.986,52.8,1762599976,3.65264431,41.5,21.4,6.2,11.16751514,26,17.37407916,6.177173794
2016,Burkina Faso,BFA,..,25.9159648,2825462079,390622353.4,12833363370,5.957976708,20.79554795,5.944967307,88,31.977208,..,60.354,97,1029479980,2.915319071,..,..,0.9,14.1391533,13,3.546248353,5.085564078
2016,Kenya,KEN,..,14.32720186,21061327085,678803417,69188755364,5.8789493,18.25545118,7.586035054,96,23.37300761,..,65.393,47.8,2188389893,2.421143197,..,..,5,16.18353253,22,11.20299341,4.148295058
2016,Mali,MLI,..,23.44291297,3788888867,356234602.7,14025944550,5.852299199,23.9626488,6.499346633,70,40.32038345,..,57.987,104.8,1205160034,2.975295283,..,46.8,1.3,15.39597072,8.5,3.538002192,4.936382277
2016,Cameroon,CMR,..,19.23934954,7826795642,663893595.2,32643697596,4.648481551,22.60815004,5.618417735,71,23.96516838,..,58.063,84.5,756609985.4,2.660494609,..,..,3.5,12.06988655,16.5,14.37591698,3.755654705
2016,Ghana,GHA,..,31.88067471,21152044137,3485333369,55009730600,3.447792991,27.85237819,2.297897876,89,37.47699552,4.7,63.124,52.2,1318650024,2.246599268,13,23.4,1.8,11.29060206,14,8.710703854,3.464974978
2016,Nigeria,NGA,..,9.218109698,34396014489,4448732917,4.0465E+11,-1.61686895,15.36673615,2.351026085,51,11.50440918,..,53.541,125,2498189941,2.627702662,..,..,1.3,..,24.9,6.276526103,4.378661591
2016,"Congo, Dem. Rep.",COD,..,23.9564422,5021565632,932374669.4,37134799975,2.399379098,17.3999359,..,57,31.96876806,..,59.655,93.9,2102330078,3.282914628,..,..,0.9,..,11.5,4.022976795,4.600817765
2016,India,IND,..,19.15823493,4.55502E+11,44458571546,2.2948E+12,8.256305844,30.17269022,7.681523693,88,20.92425082,..,68.897,40.9,2679040039,1.08988008,..,..,..,11.14773843,28.5,17.26337804,2.317931183
2016,Cote d'Ivoire,CIV,..,24.59506751,11457186654,577871524.2,47964234560,7.179207824,21.74283843,8.590604234,73,22.92053504,..,56.567,88,615789978,2.536099761,..,..,2.8,11.56634554,7,12.97309632,3.416046542
2016,Chad,TCD,..,26.29503676,3033920801,244682121,10097778354,-6.255527085,24.39179479,..,37,37.00188837,..,53.438,125.6,624460022,3.143959589,..,..,1.3,..,60,..,3.860904416
2016,Guinea,GIN,..,29.37151131,2095698637,1618447260,8595955581,10.82880684,52.6698422,0.899973973,47,82.46795119,..,60.17,105.2,567059997.6,2.644487343,..,..,1.5,..,15,3.197485992,3.548160219
2016,Zambia,ZMB,27.04363229,35.32467575,15220613707,662813935.4,20954754378,3.776679146,38.20623296,27.41333278,93,38.63388551,..,62.464,66.5,966460022,3.003345679,..,..,12.1,13.35318143,8.5,9.90311771,4.262472425
2016,Benin,BEN,..,27.60678807,2277862242,131790853.8,11821066153,3.339673426,20.2720396,1.244882881,68,31.38014027,..,60.885,97.4,500760009.8,2.761409493,..,..,1.1,..,8.5,2.988863786,3.923260328
2016,Sierra Leone,SLE,..,24.91409326,1612508231,137965732.5,3674794530,6.055474029,20.12169084,0.001261473,85,54.50190931,..,53.444,123.2,693260009.8,2.164441213,..,..,1.6,..,8,3.975853043,3.136924709
2016,Malawi,MWI,..,32.96691831,1847005075,115700000,5433040160,2.484040626,10.78027979,19.90866934,81,44.94079647,6.4,62.681,50,1241609985,2.709903551,70.8,51.5,9.7,15.48908132,37,6.376938296,3.886075182
2017,Tanzania,TZA,..,15.14027774,18301183902,937700000,53320625959,6.785680114,34.01716241,2.559571657,90,17.09866326,6.9,64.479,53.8,2585790039,2.995388132,49.4,26.4,5,11.82656497,29,8.364210207,5.19778388
2017,Niger,NER,..,12.81752103,3044747388,338710710.1,11189541083,4.999097165,26.21096021,8.089111448,82,26.25411542,..,61.599,86.6,1224699951,3.839154453,..,..,0.2,..,8,8.538812489,4.206788499
2017,Mozambique,MOZ,..,38.57905103,16019397653,2319071971,13219084261,3.741317593,33.18629589,11.85475211,87,61.13976066,..,59.309,79.4,1806089966,2.900629142,..,..,12.5,22.18829694,17,9.229218012,4.403895112
2017,Angola,AGO,29.79624795,29.00410005,50917321660,-7397295409,1.22124E+11,-0.147212941,24.13030458,24.23088033,42,23.2527214,..,60.379,80.6,223220001.2,3.322080998,..,..,1.9,9.223777454,36,29.29025203,4.391957279
2017,Uganda,UGA,21.63850834,16.66112942,11672694087,802704141,30756466548,3.809129029,24.61420657,2.053875668,83,20.17592351,..,62.516,50.2,2011810059,3.749875169,..,..,6.1,11.60472367,24,3.654995719,6.2467245
2017,Burkina Faso,BFA,..,26.45238564,3128873504,2572690.322,14106956830,6.203489411,22.06183659,5.929276876,88,32.81639457,..,60.768,93.9,892150024.4,2.890850806,..,..,0.8,15.26072123,13,3.464065585,5.032402435
2017,Kenya,KEN,..,13.231964,26197804744,1266137283,78965004656,4.805696525,19.03416527,3.348549014,89,24.16287324,..,65.909,46.4,2480219971,2.356812573,..,..,4.8,15.63782533,23,14.64315482,4.09228786
2017,Mali,MLI,..,22.21409394,4294175453,559362392.1,15365627045,5.305456084,21.58921477,1.244275184,70,35.85435439,..,58.452,101.1,1360079956,2.999115367,..,44.9,1.3,15.8828451,11,4.093294401,4.915262072
2017,Cameroon,CMR,..,18.58391647,10009769230,814458940.9,35009262788,3.549087318,22.92985913,6.017404499,65,22.60605047,..,58.511,80.8,1216839966,2.637694363,..,..,3.4,12.24545233,16.5,10.68948989,3.715609799
2017,Ghana,GHA,..,35.25800386,22326328381,3254990000,58998132330,8.143446549,22.32224184,4.465476271,95,38.39020074,..,63.463,50,1263550049,2.22053243,..,..,1.8,11.85336805,14,9.54612518,3.415210844
2017,Nigeria,NGA,..,13.1715621,43192878170,3502999131,3.75746E+11,0.80588662,15.47432765,2.330351742,54,13.1760369,..,53.95,122.8,3358959961,2.607676386,..,..,1.3,..,18.9,6.734720387,4.310331178
2017,"Congo, Dem. Rep.",COD,..,35.25052218,5083895442,1047979483,38019265626,3.726947653,24.98767838,..,57,39.04085744,..,60.026,90.8,2292639893,3.258508351,..,..,0.8,..,7,3.392943493,4.572945088
2017,India,IND,..,18.78268517,5.11475E+11,39966091359,2.65275E+12,7.043820855,30.81897846,7.389559618,90,21.94012611,..,69.165,38.5,3198139893,1.062597394,..,..,..,11.38194187,29.8,10.08505586,2.314448126
2017,Cote d'Ivoire,CIV,..,24.92012188,13448932004,975014998.8,51588158718,7.359638088,20.12192618,7.01551172,70,23.62065644,..,57.017,85.3,829159973.1,2.54780739,..,..,2.6,11.96698333,8,17.09661094,3.435977339
2017,Chad,TCD,..,33.87296248,3404509175,363381636.4,10000395242,-2.988695986,21.29313469,..,37,39.7020457,..,53.712,121.5,648979980.5,3.077531708,..,..,1.3,..,60,..,3.872529528
2017,Guinea,GIN,..,44.66029845,2228638133,577590000,10324668267,10.29990722,22.27041715,..,47,56.59133532,..,60.706,103.2,472269989,2.765010865,..,..,1.5,..,15,2.006518592,3.699714024
2017,Zambia,ZMB,31.21359121,34.99285776,17380821913,1107519805,25868165345,3.504336096,41.00299149,4.109835547,96,36.59283689,..,63.043,64.3,1040489990,2.951583275,..,..,11.9,15.18485696,8.5,9.155761654,4.211348653
2017,Benin,BEN,..,27.20559478,2816963964,200902719.3,12701656931,5.671555469,23.96042223,3.581709205,70,34.27100218,..,61.174,95.1,680000000,2.750055592,..,..,1,..,8.5,3.031144255,3.909235051
2017,Sierra Leone,SLE,..,26.05134736,1734552321,198174760.5,3739577973,4.211182649,18.4931003,0.064879818,80,48.03394646,..,53.895,118.2,541169982.9,2.154231955,..,..,1.6,..,8,7.572290607,3.138992739
2017,Malawi,MWI,..,29.16284408,2162398106,90200000,6303292264,4.000030517,13.19204948,11.50193677,83,36.16702668,..,63.279,46.9,1520439941,2.666616388,..,..,9.5,17.28792384,37,6.714939802,3.918881829
2018,Tanzania,TZA,..,..,18489828009,1055991268,58001200572,5.444967632,..,6.891609053,88,..,..,65.015,51.8,2455000000,2.981674115,..,26.4,4.9,11.49395461,27.5,12.65196051,5.145487864
2018,Niger,NER,..,11.28875624,3187512270,466042273,12846952857,7.219172668,28.93861161,2.968477835,77,26.22121586,..,62.024,83.4,1199520020,3.816869199,..,40.8,0.2,..,10,7.845107325,4.274535102
2018,Mozambique,MOZ,..,44.87000288,18814372631,2678190544,14845870051,3.44381384,50.0478227,5.648433095,87,82.33415399,..,60.163,77,1823510010,2.913458975,..,..,12.5,21.43811712,17,9.809208713,4.405591347
2018,Angola,AGO,25.28126537,40.83628989,51684805673,-6456076413,1.01353E+11,-2.003629727,17.86942115,5.780095724,50,25.54172205,3.8,60.782,77.7,162660003.7,3.276133875,51.8,32.3,1.9,..,36,21.14028843,4.311791342
2018,Uganda,UGA,21.99371735,15.09378562,12315104976,1055353353,32916147253,6.162619139,24.92595279,3.530151591,86,21.56096978,..,62.973,48,1945469971,3.7213873,..,..,5.9,11.6880821,24,9.320776956,6.182660301
2018,Burkina Faso,BFA,..,28.12932376,3285715190,268414907.9,16059910871,6.731235608,22.72642963,5.937123392,88,32.17397524,..,61.174,90.7,1108790039,2.867078367,..,41.4,0.8,15.13068312,13,3.030131533,4.984159818
2018,Kenya,KEN,..,13.17413956,30688081446,1625921131,87778582964,6.318450702,17.94529013,3.613323213,89,22.97524877,..,66.342,44.6,2490929932,2.305948675,..,..,4.7,15.08514182,23,23.55203578,4.052522702
2018,Mali,MLI,..,24.5223744,4674956143,467067198.1,17070758732,4.746484327,20.4583026,..,70,35.6224084,..,58.893,97.4,1499569946,3.007913579,..,43.8,1.3,11.66973731,11,4.827020533,4.87623694
2018,Cameroon,CMR,..,19.31368819,10863980453,765092012.8,38694156863,4.062486841,22.79545539,..,59,23.69769428,..,58.921,77.5,1165339966,2.612290751,..,..,3.2,12.7552804,13.5,14.11332198,3.676933152
2018,Ghana,GHA,..,35.26433081,23331861951,2989035000,65556464048,6.263480732,24.55073291,8.302212282,92,36.41382161,..,63.78,48,1067540039,2.192828837,..,..,1.7,12.56975446,14,11.50470123,3.364493692
2018,Nigeria,NGA,..,15.49688918,50451834785,1997485165,3.9719E+11,1.922757342,19.8137748,1.928170245,54,17.51094431,7.1,54.332,120,3304949951,2.586545852,39.1,40.1,1.3,..,10.9,7.882159863,4.238846803
2018,"Congo, Dem. Rep.",COD,..,34.337565,4955691894,1407563588,46831342213,5.8211211,20.92510546,..,57,37.95201074,..,60.368,87.6,2513929932,3.2266989,..,..,0.8,..,7,2.329747441,4.539824522
2018,India,IND,..,19.85265143,5.21034E+11,42117450737,2.71317E+12,6.119586841,31.69840611,9.081063796,93,23.55231807,..,69.416,36.3,2462010010,1.03732336,..,..,..,11.97209234,16.5,11.39755393,2.308965478
2018,Cote d'Ivoire,CIV,..,22.64068269,15653396131,620330654.4,58011466451,6.89028432,21.21242497,6.559932001,76,23.42680369,..,57.422,82.4,960010009.8,2.552358861,..,39.5,2.5,11.76875524,6,12.34869858,3.448461737
2018,Chad,TCD,..,36.19068245,3523256043,460890506,11239167048,2.3740378,20.86751428,..,42,38.01407128,..,53.977,117.7,875159973.1,3.023579699,..,42.3,1.3,..,58,..,3.899088343
2018,Guinea,GIN,..,37.603775,2396656377,352760000,10907214994,6.199774687,18.92727128,..,47,53.02458592,..,61.185,101.1,594440002.4,2.833136353,..,43.7,1.4,..,15,2.517519029,3.79794652
2018,Zambia,ZMB,31.87531923,37.9573531,19004874225,408438491.7,26312140829,4.034378235,38.6408649,2.002261683,94,36.93089354,..,63.51,63.3,1000440002,2.912801004,..,..,11.7,16.58703562,8.5,14.47118199,4.172970375
2018,Benin,BEN,..,27.29608879,3607450244,194073683.2,14250985959,6.697259461,26.39232072,2.842001305,71,34.54862973,..,61.47,92.8,574619995.1,2.734862013,..,..,1,..,8.5,5.852233874,3.89134693
2018,Sierra Leone,SLE,..,17.46729933,1735470066,217812919,4085114794,3.446162621,17.43511576,0.735508192,87,39.22853131,7.9,54.309,113.5,507980011,2.136648208,43,56.8,1.6,..,8,7.656687514,3.137954963
2018,Malawi,MWI,..,30.88283803,2265756325,101464222,6917301909,3.17000322,10.86511119,2.91470139,87,38.10332694,..,63.798,43.9,1279310059,2.641917288,..,..,9.2,17.38917075,37,7.447633633,3.967306091
2019,Tanzania,TZA,..,..,19584049478,1112400000,63177068175,5.791371376,..,..,88,..,..,..,50.3,2153139893,2.951681673,..,..,4.8,..,29.5,14.71311561,5.07256745
2019,Niger,NER,..,11.01565151,3605578458,592758635.8,12911689659,5.90279179,30.24414347,..,79,26.77826537,..,..,80.4,1490349976,3.793668153,..,..,0.2,..,10,..,4.352238024
2019,Mozambique,MOZ,..,41.01132225,20354093686,2180768236,15291448212,2.283597203,46.12118436,..,87,75.53582895,..,..,74.2,1907780029,2.907137438,..,..,12.4,27.05966351,17,14.91293437,4.396492955
2019,Angola,AGO,22.92511224,40.55687107,51997502840,-4098478748,88815697793,-0.624644318,..,..,51,28.293414,..,..,74.7,49540000.92,3.242982603,..,..,1.9,..,36,27.35989783,4.249893752
2019,Uganda,UGA,24.44300572,17.19809295,13970921696,1266026788,35165157017,6.803326813,25.96018304,..,87,22.36779455,..,..,45.8,2100010010,3.555740529,..,..,5.8,12.30005715,24,4.852936751,5.994837719
2019,Burkina Faso,BFA,..,25.36905713,3662434236,207950227.8,15990803570,5.699434934,22.95268268,25.8025793,88,31.35620316,..,..,87.5,1148810059,2.844222553,..,..,0.7,..,13,..,4.940755508
2019,Kenya,KEN,..,12.03179759,34217072395,1332436904,95503088538,5.365748965,17.40169152,4.592515618,89,21.36964548,..,..,43.2,3250969971,2.27190164,..,..,4.5,..,23,38.19827218,4.021216234
2019,Mali,MLI,..,23.32308808,5192187895,493823353.8,17279566719,4.751341534,21.58579277,..,70,34.62902568,..,..,94,1863209961,2.99663676,..,42.1,1.2,14.50173754,11,..,4.821421217
2019,Cameroon,CMR,..,20.21468715,12815318441,1024779238,39007354359,3.720711422,22.59423147,..,60,24.65303408,..,..,74.8,1335219971,2.584247107,..,..,3.1,..,13.5,14.70421918,3.63241391
2019,Ghana,GHA,..,35.97678235,26958719429,3879831470,66983634224,6.478394805,26.4371418,1.13778738,92,35.40140847,..,..,46.2,936320007.3,2.162577887,..,..,1.7,12.28333662,13,7.290879418,3.310090082
2019,Nigeria,NGA,..,14.22092679,54832397402,3299085483,4.4812E+11,2.208429277,26.20654769,1.482401172,54,19.80295104,..,..,117.2,3517320068,2.564841886,..,..,1.3,..,7.2,7.096242743,4.166830582
2019,"Congo, Dem. Rep.",COD,..,30.10525163,5437546238,1350994226,50400746171,4.384528881,24.25685129,..,57,33.06858918,..,..,84.8,3025530029,3.187086302,..,..,0.8,..,7,8.392294713,4.496515612
2019,India,IND,..,18.41445672,5.60035E+11,50610647354,2.86893E+12,4.180727625,29.6677177,10.29886438,95,21.13560409,..,..,34.3,2610580078,1.015106028,..,..,..,..,17.5,9.035026876,2.305597113
2019,Cote d'Ivoire,CIV,..,23.77627756,19182287178,1008704755,58539424930,6.231709513,20.05864446,11.232924,76,22.62463689,..,..,79.3,1201229980,2.549336239,..,..,2.4,..,6,..,3.451142525
2019,Chad,TCD,..,36.74225344,3571378462,566638950.9,11314951343,3.247181917,21.41343297,..,41,37.82827212,..,..,113.8,707049987.8,2.985937461,..,..,1.2,..,58,..,3.935471012
2019,Guinea,GIN,..,30.59925875,2866810481,44400000,12296665331,5.6,19.59001033,..,47,45.60169629,..,..,98.8,580679992.7,2.834575382,..,..,1.4,..,15,2.214481351,3.825766846
2019,Zambia,ZMB,34.43155808,34.63616121,27341427161,547967909.6,23309773923,1.441784548,39.26190468,2.313785373,93,34.15488153,..,..,61.7,976280029.3,2.892372927,..,..,11.5,..,8.5,31.17788345,4.150485116
2019,Benin,BEN,..,29.63052719,3898854015,230191998.5,14390709095,6.865687335,25.62980058,1.249986579,71,34.05080512,..,..,90.3,602210022,2.715105359,..,38.5,1,..,8.5,..,3.868807164
2019,Sierra Leone,SLE,..,15.98977827,1808128767,367700000,4121733705,5.507686458,13.00279726,..,93,37.52802675,..,..,109.2,594640014.6,2.109075252,..,..,1.6,..,8,..,3.124000533
2019,Malawi,MWI,..,31.00801491,2433898566,98422743.26,7666704427,4.369238991,12.30797693,7.255989392,92,35.59649468,..,..,41.6,1206219971,2.640375193,..,..,8.9,17.253667,37,8.4899341,4.029986833
